row_type,case_id,run_id,code_revision,gt_version,alert_mode,wazuh_rule,severity,expected_ioc,extracted_ioc_before_correction,missing_ioc,rec_calls,rec_calls_failed,recommendation_status,correct_recommendation,missing_pairs,unexpected_pairs,compliance,compliance_failed_checks,workflow_completed,verification_result,rehunt_error,rehunt_round,investigation_time_s,decision_recording_latency_s,intervention,timing_mode,source_file,evidence_status,note
MAIN,TC-01,final-evaluation-v3.3,245b536,correctness-gt-v3.3 (sha256 d2f1dae6…5951a8),STOCK_RULE,5712 (L10),medium,2,2,-,1,0,VALIDATED,TRUE,-,-,COMPLIANT,-,True,RESOLVED,-,1,54.74,0.06,-,UNINTERRUPTED_SCRIPTED,results/runs/final-evaluation-v3.3/cases/TC-01.json,"ยืนยันจากบันทึกการรัน (run.json/cases, GT hash ตรงก่อน-หลัง)",
MAIN,TC-02,final-evaluation-v3.3,245b536,correctness-gt-v3.3 (sha256 d2f1dae6…5951a8),CUSTOM_RULE_REAL_ACTION,100301 (L12),high,2,0,hash:275a021bbfb6489e54d471899f7db9d1663fc695ec2fe2a2c4538aabf651fd0f; file:/root/Downloads/Invoice_Q4_2026.xls.exe,1,0,VALIDATED,FALSE,ACT-QUARANTINE-FILE->/root/Downloads/Invoice_Q4_2026.xls.exe; ACT-BLOCK-HASH->275a021bbfb6489e54d471899f7db9d1663fc695ec2fe2a2c4538aabf651fd0f,-,COMPLIANT,-,False,NOT_RUN,REHUNT_INSUFFICIENT_CRITERIA,UNKNOWN/NA,75.44,0.06,-,UNINTERRUPTED_SCRIPTED,results/runs/final-evaluation-v3.3/cases/TC-02.json,"ยืนยันจากบันทึกการรัน (run.json/cases, GT hash ตรงก่อน-หลัง)",hash/file path in syscheck.* not extracted; re-hunt had no searchable IOC
MAIN,TC-03,final-evaluation-v3.3,245b536,correctness-gt-v3.3 (sha256 d2f1dae6…5951a8),CUSTOM_RULE_CONTROLLED_TELEMETRY,100310 (L10),medium,4,4,-,3,2,VALIDATED,TRUE,-,-,COMPLIANT,-,True,RESOLVED,-,1,243.43,0.06,ANALYST_IOC_CORRECTION,UNINTERRUPTED_SCRIPTED,results/runs/final-evaluation-v3.3/cases/TC-03.json,"ยืนยันจากบันทึกการรัน (run.json/cases, GT hash ตรงก่อน-หลัง)",calls 1-2 rejected (INVENTED_TARGET hr.clerk@corp.local; TARGET_TYPE_MISMATCH host for QUARANTINE-EMAIL); analyst promoted existing IOCs
MAIN,TC-04,final-evaluation-v3.3,245b536,correctness-gt-v3.3 (sha256 d2f1dae6…5951a8),STOCK_RULE,40112 (L12),high,2,2,-,1,0,VALIDATED,FALSE,-,ACT-REVOKE-SESSION->victim,COMPLIANT,-,True,RESOLVED,-,1,93.32,0.06,-,UNINTERRUPTED_SCRIPTED,results/runs/final-evaluation-v3.3/cases/TC-04.json,"ยืนยันจากบันทึกการรัน (run.json/cases, GT hash ตรงก่อน-หลัง)",
MAIN,TC-05,final-evaluation-v3.3,245b536,correctness-gt-v3.3 (sha256 d2f1dae6…5951a8),CUSTOM_RULE_REAL_ACTION,100300 (L12),high,1,1,-,5,5,NO_VALID_RECOMMENDATION,FALSE (no recommendation; harness value null),ACT-BLOCK-DOMAIN->vigix-eval-ps-stager.test,-,NOT_EVALUATED,-,False,NOT_RUN,NOT_REACHED,UNKNOWN/NA,NA (no recommendation),NA,ANALYST_IOC_CORRECTION,OPERATOR_TRIGGERED,results/runs/final-evaluation-v3.3/cases/TC-05.json,"ยืนยันจากบันทึกการรัน (run.json/cases, GT hash ตรงก่อน-หลัง)","Windows 10 agent vigix-win10-ps + Sysmon 15.22; operator-triggered; 5/5 calls rejected (INVENTED_TARGET, INSUFFICIENT_EVIDENCE) - validation/recommendation-generation-failures.json"
MAIN,TC-06,final-evaluation-v3.3,245b536,correctness-gt-v3.3 (sha256 d2f1dae6…5951a8),STOCK_RULE,31103 (L7),medium,1,1,-,1,0,VALIDATED,TRUE,-,-,COMPLIANT,-,True,RESOLVED,-,1,47.1,0.06,-,UNINTERRUPTED_SCRIPTED,results/runs/final-evaluation-v3.3/cases/TC-06.json,"ยืนยันจากบันทึกการรัน (run.json/cases, GT hash ตรงก่อน-หลัง)",
MAIN,TC-07,final-evaluation-v3.3,245b536,correctness-gt-v3.3 (sha256 d2f1dae6…5951a8),CUSTOM_RULE_CONTROLLED_TELEMETRY,100320 (L13),high,3,3,-,1,0,VALIDATED,FALSE,-,ACT-BLOCK-URL->http://vigix-eval-c2.net:8080/gate.php; ACT-ISOLATE-ENDPOINT->attack-endpoint,COMPLIANT,-,True,RESOLVED,-,1,83.99,0.05,-,UNINTERRUPTED_SCRIPTED,results/runs/final-evaluation-v3.3/cases/TC-07.json,"ยืนยันจากบันทึกการรัน (run.json/cases, GT hash ตรงก่อน-หลัง)",
MAIN,TC-08,final-evaluation-v3.3,245b536,correctness-gt-v3.3 (sha256 d2f1dae6…5951a8),CUSTOM_RULE_CONTROLLED_TELEMETRY,100330 (L10),medium,4,4,-,1,0,VALIDATED,TRUE,-,-,COMPLIANT,-,True,RESOLVED,-,1,115.56,0.05,-,UNINTERRUPTED_SCRIPTED,results/runs/final-evaluation-v3.3/cases/TC-08.json,"ยืนยันจากบันทึกการรัน (run.json/cases, GT hash ตรงก่อน-หลัง)",
MAIN,TC-09,final-evaluation-v3.3,245b536,correctness-gt-v3.3 (sha256 d2f1dae6…5951a8),CUSTOM_RULE_CONTROLLED_TELEMETRY,100340 (L13),high,3,3,-,1,0,VALIDATED,FALSE,-,ACT-BLOCK-URL->http://vigix-eval-exfil.net:8080/upload; ACT-ISOLATE-ENDPOINT->attack-endpoint,COMPLIANT,-,True,RESOLVED,-,1,77.77,0.06,-,UNINTERRUPTED_SCRIPTED,results/runs/final-evaluation-v3.3/cases/TC-09.json,"ยืนยันจากบันทึกการรัน (run.json/cases, GT hash ตรงก่อน-หลัง)",
MAIN,TC-10,final-evaluation-v3.3,245b536,correctness-gt-v3.3 (sha256 d2f1dae6…5951a8),CUSTOM_RULE_REAL_ACTION,100350 (L14),critical,1,1,-,1,0,VALIDATED,FALSE,-,ACT-REVOKE-SESSION->evaluser,COMPLIANT,-,False,NOT_RUN,REHUNT_INSUFFICIENT_CRITERIA,UNKNOWN/NA,71.42,0.05,-,UNINTERRUPTED_SCRIPTED,results/runs/final-evaluation-v3.3/cases/TC-10.json,"ยืนยันจากบันทึกการรัน (run.json/cases, GT hash ตรงก่อน-หลัง)",only USERNAME IOC; re-hunt not supported for USERNAME alone
SUPERSEDED_CONFLICT,TC-03,mock-evaluation-v2-rerun-20261002,f3114be + uncommitted changes,groundTruthReal e54d0035… (pre-v3.3),,,,,,,,,,,,,,,,,,,357.67,,,,results/runs/mock-evaluation-v2-rerun-20261002/REPORT.md; ManuscriptDocx table 4.2 / paer.pdf table 4.6 TC-03,ยืนยันจากบันทึกการรัน (รุ่นก่อน) - ห้ามผสมกับผลหลัก,"Retry 3, valid on 4th attempt; 357.67 s"
SUPERSEDED_CONFLICT,TC-05,mock-evaluation-v2-rerun-20261002,f3114be + uncommitted changes,groundTruthReal e54d0035… (pre-v3.3),,,,,,,,,,,,,,,,,,,NA,,,,results/runs/mock-evaluation-v2-rerun-20261002/REPORT.md; ManuscriptDocx table 4.1/4.5; paer.pdf table 4.6,ยืนยันจากบันทึกการรัน (รุ่นก่อน) - ห้ามผสมกับผลหลัก,ENVIRONMENT_UNAVAILABLE: no Windows endpoint; excluded from denominators (N=9)
SUPERSEDED_CONFLICT,ALL,mock-evaluation-v2-rerun-20261002,f3114be + uncommitted changes,groundTruthReal e54d0035… (pre-v3.3),,,,,,,,,,,,,,,,,,,NA,,,,results/runs/mock-evaluation-v2-rerun-20261002/REPORT.md; ManuscriptDocx 4.2.5; paer.pdf p.8 IOC paragraph,ยืนยันจากบันทึกการรัน (รุ่นก่อน) - ห้ามผสมกับผลหลัก,IOC recall 20/22 = 90.91% over 9 cases (TC-05 excluded)
SUPERSEDED_CONFLICT,ALL,mock-evaluation-v2-rerun-20261002,f3114be + uncommitted changes,groundTruthReal e54d0035… (pre-v3.3),,,,,,,,,,,,,,,,,,,NA,,,,results/runs/mock-evaluation-v2-rerun-20261002/REPORT.md; ManuscriptDocx 4.2.6 / abstract,ยืนยันจากบันทึกการรัน (รุ่นก่อน) - ห้ามผสมกับผลหลัก,Investigation time n=9 sum 1114.10 mean 123.79 median 105.77 SD 91.77 min 46.27 max 357.67
SUPERSEDED_CONFLICT,ALL,mock-evaluation-v2-rerun-20261002,f3114be + uncommitted changes,groundTruthReal e54d0035… (pre-v3.3),,,,,,,,,,,,,,,,,,,NA,,,,results/runs/mock-evaluation-v2-rerun-20261002/REPORT.md; ManuscriptDocx 4.2.2 / abstract,ยืนยันจากบันทึกการรัน (รุ่นก่อน) - ห้ามผสมกับผลหลัก,Consistency 30/30 (6 cases x 5) primary-action definition
SUPERSEDED_CONFLICT,ALL,mock-evaluation-v2-rerun-20261002,f3114be + uncommitted changes,groundTruthReal e54d0035… (pre-v3.3),,,,,,,,,,,,,,,,,,,NA,,,,results/runs/mock-evaluation-v2-rerun-20261002/REPORT.md; ManuscriptDocx abstract/4.2.3/4.2.4,ยืนยันจากบันทึกการรัน (รุ่นก่อน) - ห้ามผสมกับผลหลัก,WC 7/9 = 77.78%; VR 7/9 = 77.78%; Retry 1/9; Intervention 1/9; Compliance 9/9
SEPARATE_SINGLE_CASE_RUN,TC-05,tc05-e2e-real-wazuh-20261003,f3114be (working tree dirty),correctness-gt-v3.3,CUSTOM_RULE_REAL_ACTION,100300 (L12),high,1,1,-,2,1,VALIDATED,FALSE,-,ACT-ISOLATE-ENDPOINT->vigix-win10-ps,COMPLIANT,-,True,RESOLVED,-,1,129.24,0.06,-,OPERATOR_TRIGGERED,results/runs/tc05-e2e-real-wazuh-20261003/REPORT.md,"ยืนยันจากรายงานการรัน (N=1, โค้ดยังไม่ commit) - ไม่รวมกับผลหลัก",shows run-to-run variation for TC-05
